Series Name,Series Code,Country Name,Country Code,1990 [YR1990],2000 [YR2000],2012 [YR2012],2013 [YR2013],2014 [YR2014],2015 [YR2015],2016 [YR2016],2017 [YR2017],2018 [YR2018],2019 [YR2019],2020 [YR2020],2021 [YR2021]
"Unemployment, total (% of total labor force) (modeled ILO estimate)",SL.UEM.TOTL.ZS,Afghanistan,AFG,..,10.80599976,11.3409996,11.19299984,11.1420002,11.12699986,11.15799999,11.18000031,11.15200043,11.21700001,11.71000004,13.28299999
"Unemployment, total (% of total labor force) (modeled ILO estimate)",SL.UEM.TOTL.ZS,Albania,ALB,..,19.02799988,13.38000011,15.86999989,18.04999924,17.19000053,15.42000008,13.61999989,12.30000019,11.47000027,13.32900047,11.81900024
"Unemployment, total (% of total labor force) (modeled ILO estimate)",SL.UEM.TOTL.ZS,Algeria,DZA,..,29.77000046,10.97000027,9.819999695,10.21000004,11.21000004,10.19999981,10.33300018,10.42000008,10.51299953,12.55000019,12.70400047
"Unemployment, total (% of total labor force) (modeled ILO estimate)",SL.UEM.TOTL.ZS,American Samoa,ASM,..,..,..,..,..,..,..,..,..,..,..,..
"Unemployment, total (% of total labor force) (modeled ILO estimate)",SL.UEM.TOTL.ZS,Andorra,AND,..,..,..,..,..,..,..,..,..,..,..,..
"Unemployment, total (% of total labor force) (modeled ILO estimate)",SL.UEM.TOTL.ZS,Angola,AGO,..,4.03000021,7.347000122,7.366000175,7.372000217,7.392000198,7.412000179,7.407999992,7.421000004,7.421000004,8.333000183,8.529999733
"Unemployment, total (% of total labor force) (modeled ILO estimate)",SL.UEM.TOTL.ZS,Antigua and Barbuda,ATG,..,..,..,..,..,..,..,..,..,..,..,..
"Unemployment, total (% of total labor force) (modeled ILO estimate)",SL.UEM.TOTL.ZS,Argentina,ARG,..,15,7.21999979,7.099999905,7.269999981,7.520999908,8.111000061,8.350000381,9.220000267,9.840000153,11.46000004,10.90200043
"Unemployment, total (% of total labor force) (modeled ILO estimate)",SL.UEM.TOTL.ZS,Armenia,ARM,..,11.04800034,17.29999924,16.18000031,17.5,18.26000023,17.62000084,17.70000076,18.96999931,18.29999924,21.20599937,20.89699936
"Unemployment, total (% of total labor force) (modeled ILO estimate)",SL.UEM.TOTL.ZS,Aruba,ABW,..,..,..,..,..,..,..,..,..,..,..,..
"Unemployment, total (% of total labor force) (modeled ILO estimate)",SL.UEM.TOTL.ZS,Australia,AUS,..,6.28000021,5.21999979,5.659999847,6.079999924,6.050000191,5.710000038,5.590000153,5.300000191,5.159999847,6.460000038,5.111999989
"Unemployment, total (% of total labor force) (modeled ILO estimate)",SL.UEM.TOTL.ZS,Austria,AUT,..,4.690000057,4.869999886,5.329999924,5.619999886,5.71999979,6.010000229,5.5,4.849999905,4.489999771,5.360000134,6.301000118
"Unemployment, total (% of total labor force) (modeled ILO estimate)",SL.UEM.TOTL.ZS,Azerbaijan,AZE,..,11.77999973,5.190000057,4.96999979,4.909999847,4.960000038,5,5,4.900000095,4.849999905,6.462999821,6.583000183
"Unemployment, total (% of total labor force) (modeled ILO estimate)",SL.UEM.TOTL.ZS,"Bahamas, The",BHS,..,7.201000214,14.02000046,16.18000031,13.80000019,12,12.69999981,9.800000191,10,10.06099987,13.3210001,13.23900032
"Unemployment, total (% of total labor force) (modeled ILO estimate)",SL.UEM.TOTL.ZS,Bahrain,BHR,..,1.083999991,1.200000048,1.184000015,1.190000057,1.202000022,1.190999985,1.182999969,1.200999975,1.19599998,1.781000018,1.873999953
"Unemployment, total (% of total labor force) (modeled ILO estimate)",SL.UEM.TOTL.ZS,Bangladesh,BGD,..,3.269999981,4.118999958,4.429999828,4.383999825,4.366000175,4.349999905,4.369999886,4.413000107,4.438000202,5.413000107,5.229000092
"Unemployment, total (% of total labor force) (modeled ILO estimate)",SL.UEM.TOTL.ZS,Barbados,BRB,..,9.350000381,11.59000015,11.55000019,12.17000008,9.800000191,8.25,8.619999886,8.319999695,8.409999847,10.37699986,10.41300011
"Unemployment, total (% of total labor force) (modeled ILO estimate)",SL.UEM.TOTL.ZS,Belarus,BLR,..,12.26200008,6.051000118,6.006000042,5.993999958,5.840000153,5.840000153,5.650000095,4.760000229,4.159999847,4.768000126,4.736000061
"Unemployment, total (% of total labor force) (modeled ILO estimate)",SL.UEM.TOTL.ZS,Belgium,BEL,..,6.590000153,7.539999962,8.430000305,8.520000458,8.479999542,7.829999924,7.090000153,5.949999809,5.360000134,5.550000191,6.420000076
"Unemployment, total (% of total labor force) (modeled ILO estimate)",SL.UEM.TOTL.ZS,Belize,BLZ,..,10.85099983,8.305999756,8.350000381,8.239999771,7.579999924,7,6.599999905,6.644000053,6.710999966,8.461999893,8.218999863
"Unemployment, total (% of total labor force) (modeled ILO estimate)",SL.UEM.TOTL.ZS,Benin,BEN,..,0.851000011,2.470999956,2.286999941,2.132999897,2.006999969,1.827999949,1.644000053,1.470000029,1.470000029,1.583999991,1.574000001
"Unemployment, total (% of total labor force) (modeled ILO estimate)",SL.UEM.TOTL.ZS,Bermuda,BMU,..,..,..,..,..,..,..,..,..,..,..,..
"Unemployment, total (% of total labor force) (modeled ILO estimate)",SL.UEM.TOTL.ZS,Bhutan,BTN,..,1.593000054,2.049999952,2.869999886,2.630000114,2.450000048,2.493000031,2.453000069,2.444000006,2.502000093,3.648999929,4.331999779
"Unemployment, total (% of total labor force) (modeled ILO estimate)",SL.UEM.TOTL.ZS,Bolivia,BOL,..,2.378000021,2.069999933,2.440000057,2.019999981,3.109999895,3.5,3.650000095,3.519999981,3.819999933,7.900000095,8.508999825
"Unemployment, total (% of total labor force) (modeled ILO estimate)",SL.UEM.TOTL.ZS,Bosnia and Herzegovina,BIH,..,25.78300095,28.01000023,27.48999977,27.52000046,27.69000053,25.40999985,20.53000069,18.39999962,15.68999958,15.26500034,15.21500015
"Unemployment, total (% of total labor force) (modeled ILO estimate)",SL.UEM.TOTL.ZS,Botswana,BWA,..,15.88000011,18.95100021,19.40099907,19.99099922,20.57099915,21.02899933,21.56599998,22.07099915,22.61000061,24.93000031,24.72200012
"Unemployment, total (% of total labor force) (modeled ILO estimate)",SL.UEM.TOTL.ZS,Brazil,BRA,..,9.56099987,7.190000057,6.980000019,6.659999847,8.430000305,11.60000038,12.81999969,12.32999992,11.93000031,13.68999958,14.40299988
"Unemployment, total (% of total labor force) (modeled ILO estimate)",SL.UEM.TOTL.ZS,British Virgin Islands,VGB,..,..,..,..,..,..,..,..,..,..,..,..
"Unemployment, total (% of total labor force) (modeled ILO estimate)",SL.UEM.TOTL.ZS,Brunei Darussalam,BRN,..,5.677999973,6.915999889,6.880000114,6.96999979,7.784999847,8.383000374,9.319999695,8.699999809,6.920000076,7.68200016,7.649000168
"Unemployment, total (% of total labor force) (modeled ILO estimate)",SL.UEM.TOTL.ZS,Bulgaria,BGR,..,16.21999931,12.27000046,12.93999958,11.42000008,9.140000343,7.570000172,6.159999847,5.210000038,4.230000019,5.119999886,5.423999786
"Unemployment, total (% of total labor force) (modeled ILO estimate)",SL.UEM.TOTL.ZS,Burkina Faso,BFA,..,2.605000019,3.913000107,4.046999931,4.188000202,4.321000099,4.434000015,4.563000202,4.690000057,4.69299984,4.894999981,4.757999897
"Unemployment, total (% of total labor force) (modeled ILO estimate)",SL.UEM.TOTL.ZS,Burundi,BDI,..,1.590000033,1.590000033,1.577999949,1.570000052,1.600000024,1.590000033,1.588999987,1.587000012,1.588999987,1.707000017,1.792000055
"Unemployment, total (% of total labor force) (modeled ILO estimate)",SL.UEM.TOTL.ZS,Cabo Verde,CPV,..,10.9829998,11.12100029,11.34799957,11.57499981,11.80000019,12.00800037,12.23999977,12.17000008,12.21899986,15.30599976,15.42300034
"Unemployment, total (% of total labor force) (modeled ILO estimate)",SL.UEM.TOTL.ZS,Cambodia,KHM,..,0.967999995,0.50999999,0.439999998,0.689999998,0.389999986,0.720000029,0.140000001,0.143000007,0.147,0.331,0.611999989
"Unemployment, total (% of total labor force) (modeled ILO estimate)",SL.UEM.TOTL.ZS,Cameroon,CMR,..,7.59100008,3.822000027,3.674999952,3.529999971,3.551000118,3.575000048,3.599999905,3.617000103,3.638000011,3.836999893,3.86500001
"Unemployment, total (% of total labor force) (modeled ILO estimate)",SL.UEM.TOTL.ZS,Canada,CAN,..,6.829999924,7.289999962,7.070000172,6.909999847,6.909999847,7,6.340000153,5.829999924,5.659999847,9.460000038,7.510000229
"Unemployment, total (% of total labor force) (modeled ILO estimate)",SL.UEM.TOTL.ZS,Cayman Islands,CYM,..,..,..,..,..,..,..,..,..,..,..,..
"Unemployment, total (% of total labor force) (modeled ILO estimate)",SL.UEM.TOTL.ZS,Central African Republic,CAF,..,5.609000206,5.546000004,5.515999794,5.528999805,5.605999947,5.65199995,5.647999763,5.605000019,5.623000145,6.356999874,6.574999809
"Unemployment, total (% of total labor force) (modeled ILO estimate)",SL.UEM.TOTL.ZS,Chad,TCD,..,0.806999981,1.006000042,1.029000044,1.046000004,1.07099998,1.103999972,1.118999958,1.129999995,1.123000026,1.741999984,1.881999969
"Unemployment, total (% of total labor force) (modeled ILO estimate)",SL.UEM.TOTL.ZS,Channel Islands,CHI,..,5.662000179,8.26099968,8.826999664,8.609000206,8.215000153,7.742000103,7.138000011,6.573999882,6.413000107,7.68599987,7.369999886
"Unemployment, total (% of total labor force) (modeled ILO estimate)",SL.UEM.TOTL.ZS,Chile,CHL,..,10.48999977,6.659999847,6.210000038,6.659999847,6.510000229,6.739999771,6.960000038,7.230000019,7.289999962,11.18000031,9.128000259
"Unemployment, total (% of total labor force) (modeled ILO estimate)",SL.UEM.TOTL.ZS,China,CHN,..,3.25999999,4.570000172,4.590000153,4.610000134,4.630000114,4.53000021,4.440000057,4.28000021,4.519999981,5,4.816999912
"Unemployment, total (% of total labor force) (modeled ILO estimate)",SL.UEM.TOTL.ZS,Colombia,COL,..,20.52000046,9.739999771,9.050000191,8.569999695,8.300000191,8.68999958,8.869999886,9.109999657,9.960000038,15.03999996,14.33600044
"Unemployment, total (% of total labor force) (modeled ILO estimate)",SL.UEM.TOTL.ZS,Comoros,COM,..,4.681000233,7.410999775,7.757999897,8.140000343,8.13599968,8.102000237,8.086000443,8.079000473,8.081999779,9.222999573,9.44699955
"Unemployment, total (% of total labor force) (modeled ILO estimate)",SL.UEM.TOTL.ZS,"Congo, Dem. Rep.",COD,..,2.904000044,4.489999771,4.475999832,4.464000225,4.46600008,4.477000237,4.465000153,4.451000214,4.451000214,5.265999794,5.426000118
"Unemployment, total (% of total labor force) (modeled ILO estimate)",SL.UEM.TOTL.ZS,"Congo, Rep.",COG,..,19.89500046,20.1760006,20.31699944,20.30999947,20.4470005,20.55900002,20.55900002,20.61400032,20.62199974,22.84300041,23.01099968
"Unemployment, total (% of total labor force) (modeled ILO estimate)",SL.UEM.TOTL.ZS,Costa Rica,CRI,..,5.079999924,9.779999733,8.770000458,9.06000042,9,8.600000381,8.140000343,9.630000114,11.48999977,17.40999985,17.95400047
"Unemployment, total (% of total labor force) (modeled ILO estimate)",SL.UEM.TOTL.ZS,Cote d'Ivoire,CIV,..,4.584000111,7.21999979,4.25,3.700999975,3.148999929,2.599999905,3.269999981,3.292999983,3.318000078,3.487999916,3.467999935
"Unemployment, total (% of total labor force) (modeled ILO estimate)",SL.UEM.TOTL.ZS,Croatia,HRV,..,16.05999947,15.93000031,17.25,17.29000092,16.18000031,13.10000038,11.21000004,8.430000305,6.619999886,7.510000229,8.682999611
"Unemployment, total (% of total labor force) (modeled ILO estimate)",SL.UEM.TOTL.ZS,Cuba,CUB,..,5.449999809,3.460000038,3.289999962,2.700000048,2.400000095,2,1.700000048,1.700000048,1.735000014,2.624000072,2.756000042
"Unemployment, total (% of total labor force) (modeled ILO estimate)",SL.UEM.TOTL.ZS,Curacao,CUW,..,..,..,..,..,..,..,..,..,..,..,..
"Unemployment, total (% of total labor force) (modeled ILO estimate)",SL.UEM.TOTL.ZS,Cyprus,CYP,..,4.96999979,11.80000019,15.86999989,16.09000015,14.90999985,12.94999981,11.05000019,8.369999886,7.070000172,7.590000153,6.130000114
"Unemployment, total (% of total labor force) (modeled ILO estimate)",SL.UEM.TOTL.ZS,Czechia,CZE,..,8.760000229,6.980000019,6.949999809,6.110000134,5.050000191,3.950000048,2.890000105,2.24000001,2.00999999,2.549999952,2.887000084
"Unemployment, total (% of total labor force) (modeled ILO estimate)",SL.UEM.TOTL.ZS,Denmark,DNK,..,4.480000019,7.800000191,7.380000114,6.929999828,6.28000021,5.989999771,5.829999924,5.130000114,5.019999981,5.639999866,4.797999859
"Unemployment, total (% of total labor force) (modeled ILO estimate)",SL.UEM.TOTL.ZS,Djibouti,DJI,..,28.34499931,26.77799988,26.63800049,26.47500038,26.32500076,26.19300079,26.05999947,26.18899918,26.35700035,28.38999939,28.38599968
"Unemployment, total (% of total labor force) (modeled ILO estimate)",SL.UEM.TOTL.ZS,Dominica,DMA,..,..,..,..,..,..,..,..,..,..,..,..
"Unemployment, total (% of total labor force) (modeled ILO estimate)",SL.UEM.TOTL.ZS,Dominican Republic,DOM,..,6.429999828,6.71999979,7.349999905,6.71999979,7.610000134,7.28000021,5.829999924,5.860000134,6.360000134,6.130000114,8.49600029
"Unemployment, total (% of total labor force) (modeled ILO estimate)",SL.UEM.TOTL.ZS,Ecuador,ECU,..,4.800000191,3.230000019,3.079999924,3.480000019,3.619999886,4.599999905,3.839999914,3.529999971,3.809999943,6.110000134,6.427000046
"Unemployment, total (% of total labor force) (modeled ILO estimate)",SL.UEM.TOTL.ZS,"Egypt, Arab Rep.",EGY,..,8.979999542,12.60000038,13.14999962,13.10000038,13.05000019,12.40999985,11.73999977,9.819999695,7.840000153,9.166999817,9.329000473
"Unemployment, total (% of total labor force) (modeled ILO estimate)",SL.UEM.TOTL.ZS,El Salvador,SLV,..,6.960000038,3.839999914,3.690000057,4.150000095,4,4.420000076,4.389999866,4.010000229,4.170000076,6.248000145,5.940000057
"Unemployment, total (% of total labor force) (modeled ILO estimate)",SL.UEM.TOTL.ZS,Equatorial Guinea,GNQ,..,8.454999924,8.612999916,8.512999535,8.482999802,8.543999672,8.62899971,8.647999763,8.623999596,8.678999901,9.901000023,9.244999886
"Unemployment, total (% of total labor force) (modeled ILO estimate)",SL.UEM.TOTL.ZS,Eritrea,ERI,..,5.876999855,5.53000021,5.579999924,5.672999859,5.828000069,5.90199995,5.94299984,5.947000027,5.993999958,7.864999771,8.046999931
"Unemployment, total (% of total labor force) (modeled ILO estimate)",SL.UEM.TOTL.ZS,Estonia,EST,..,13.35999966,10.02000046,8.630000114,7.349999905,6.190000057,6.760000229,5.760000229,5.369999886,4.449999809,6.800000191,6.330999851
"Unemployment, total (% of total labor force) (modeled ILO estimate)",SL.UEM.TOTL.ZS,Eswatini,SWZ,..,24.24399948,25.14900017,24.54999924,23.9659996,23.32900047,22.71999931,22.75300026,22.79199982,22.83699989,25.50900078,25.75600052
"Unemployment, total (% of total labor force) (modeled ILO estimate)",SL.UEM.TOTL.ZS,Ethiopia,ETH,..,3.509000063,2.286999941,2.25,2.262000084,2.273999929,2.288000107,2.299000025,2.318000078,2.325999975,3.236999989,3.694000006
"Unemployment, total (% of total labor force) (modeled ILO estimate)",SL.UEM.TOTL.ZS,Faroe Islands,FRO,..,..,..,..,..,..,..,..,..,..,..,..
"Unemployment, total (% of total labor force) (modeled ILO estimate)",SL.UEM.TOTL.ZS,Fiji,FJI,..,3.992000103,4.420000076,4.327000141,4.289999962,4.295000076,4.320000172,4.277999878,4.333000183,4.447999954,4.715000153,5.238999844
"Unemployment, total (% of total labor force) (modeled ILO estimate)",SL.UEM.TOTL.ZS,Finland,FIN,..,11.13000011,7.690000057,8.18999958,8.659999847,9.380000114,8.819999695,8.640000343,7.360000134,6.690000057,7.760000229,7.525000095
"Unemployment, total (% of total labor force) (modeled ILO estimate)",SL.UEM.TOTL.ZS,France,FRA,..,10.22000027,9.399999619,9.920000076,10.28999996,10.35000038,10.05000019,9.409999847,9.020000458,8.409999847,8.010000229,8.062999725
"Unemployment, total (% of total labor force) (modeled ILO estimate)",SL.UEM.TOTL.ZS,French Polynesia,PYF,..,11.67199993,12.21399975,12.17199993,12.20400047,12.16699982,12.17700005,12.2130003,12.24800014,12.29599953,14.09599972,14.39099979
"Unemployment, total (% of total labor force) (modeled ILO estimate)",SL.UEM.TOTL.ZS,Gabon,GAB,..,17.34300041,20.48800087,20.52099991,20.57299995,20.61300087,20.66900063,20.72100067,20.74900055,20.74200058,21.97200012,22.26499939
"Unemployment, total (% of total labor force) (modeled ILO estimate)",SL.UEM.TOTL.ZS,"Gambia, The",GMB,..,9.083000183,9.420000076,9.453000069,9.503000259,9.467000008,9.498000145,9.484999657,9.475999832,9.498000145,11.08100033,11.21199989
"Unemployment, total (% of total labor force) (modeled ILO estimate)",SL.UEM.TOTL.ZS,Georgia,GEO,..,10.81999969,19.64999962,19.42000008,17.44000053,16.51000023,16.60000038,13.93999958,12.67000008,11.56999969,18.5,10.6590004
"Unemployment, total (% of total labor force) (modeled ILO estimate)",SL.UEM.TOTL.ZS,Germany,DEU,..,7.920000076,5.380000114,5.230000019,4.980000019,4.619999886,4.119999886,3.75,3.380000114,3.140000105,3.809999943,3.535000086
"Unemployment, total (% of total labor force) (modeled ILO estimate)",SL.UEM.TOTL.ZS,Ghana,GHA,..,10.46000004,5.910999775,6.203000069,6.524000168,6.809999943,5.52699995,4.21999979,4.276000023,4.315999985,4.651000023,4.703999996
"Unemployment, total (% of total labor force) (modeled ILO estimate)",SL.UEM.TOTL.ZS,Gibraltar,GIB,..,..,..,..,..,..,..,..,..,..,..,..
"Unemployment, total (% of total labor force) (modeled ILO estimate)",SL.UEM.TOTL.ZS,Greece,GRC,..,11.25,24.44000053,27.46999931,26.48999977,24.89999962,23.54000092,21.48999977,19.29000092,17.30999947,16.29999924,14.79500008
"Unemployment, total (% of total labor force) (modeled ILO estimate)",SL.UEM.TOTL.ZS,Greenland,GRL,..,..,..,..,..,..,..,..,..,..,..,..
"Unemployment, total (% of total labor force) (modeled ILO estimate)",SL.UEM.TOTL.ZS,Grenada,GRD,..,..,..,..,..,..,..,..,..,..,..,..
"Unemployment, total (% of total labor force) (modeled ILO estimate)",SL.UEM.TOTL.ZS,Guam,GUM,..,15.31999969,12.19999981,11.5,7.599999905,6.900000095,5.400000095,5.434999943,5.559000015,5.514999866,6.802000046,6.982999802
"Unemployment, total (% of total labor force) (modeled ILO estimate)",SL.UEM.TOTL.ZS,Guatemala,GTM,..,2.724999905,2.75999999,3.019999981,2.720000029,2.50999999,2.579999924,2.460000038,2.279999971,2.190000057,3.552999973,3.572000027
"Unemployment, total (% of total labor force) (modeled ILO estimate)",SL.UEM.TOTL.ZS,Guinea,GIN,..,4.552999973,4.81799984,4.866000175,4.895999908,4.922999859,4.880000114,4.914000034,4.982999802,5.019999981,6.103000164,6.342000008
"Unemployment, total (% of total labor force) (modeled ILO estimate)",SL.UEM.TOTL.ZS,Guinea-Bissau,GNB,..,6.247000217,5.869999886,5.809000015,5.802999973,5.869999886,5.951000214,5.986000061,5.981999874,6.035999775,6.736999989,6.758999825
"Unemployment, total (% of total labor force) (modeled ILO estimate)",SL.UEM.TOTL.ZS,Guyana,GUY,..,11.8579998,12.33500004,12.62800026,12.92399979,13.21199989,13.46399975,13.74600029,14.02000046,13.99199963,16.43099976,16.42499924
"Unemployment, total (% of total labor force) (modeled ILO estimate)",SL.UEM.TOTL.ZS,Haiti,HTI,..,8.404000282,14.10000038,13.99600029,13.95100021,13.96199989,13.92500019,13.87699986,13.85999966,13.91499996,15.45100021,15.72599983
"Unemployment, total (% of total labor force) (modeled ILO estimate)",SL.UEM.TOTL.ZS,Honduras,HND,..,3.838999987,3.75,5.650000095,7.079999924,6.150000095,6.730000019,5.53000021,5.650000095,5.699999809,8.373000145,8.512999535
"Unemployment, total (% of total labor force) (modeled ILO estimate)",SL.UEM.TOTL.ZS,"Hong Kong SAR, China",HKG,..,4.920000076,3.289999962,3.400000095,3.299999952,3.309999943,3.390000105,3.130000114,2.819999933,2.930000067,5.829999924,5.315000057
"Unemployment, total (% of total labor force) (modeled ILO estimate)",SL.UEM.TOTL.ZS,Hungary,HUN,..,6.559999943,11,10.18000031,7.730000019,6.809999943,5.110000134,4.159999847,3.710000038,3.420000076,4.25,4.116000175
"Unemployment, total (% of total labor force) (modeled ILO estimate)",SL.UEM.TOTL.ZS,Iceland,ISL,..,1.940000057,6,5.380000114,4.900000095,3.980000019,2.980000019,2.74000001,2.700000048,3.50999999,5.480000019,5.401000023
"Unemployment, total (% of total labor force) (modeled ILO estimate)",SL.UEM.TOTL.ZS,India,IND,..,5.56099987,5.414000034,5.423999786,5.43599987,5.434999943,5.422999859,5.357999802,5.329999924,5.269999981,7.997000217,5.978000164
"Unemployment, total (% of total labor force) (modeled ILO estimate)",SL.UEM.TOTL.ZS,Indonesia,IDN,..,6.079999924,4.46999979,4.340000153,4.050000191,4.510000229,4.300000191,3.880000114,4.400000095,3.619999886,4.28000021,4.413000107
"Unemployment, total (% of total labor force) (modeled ILO estimate)",SL.UEM.TOTL.ZS,"Iran, Islamic Rep.",IRN,..,11.57400036,12.27000046,10.60000038,10.68000031,11.17000008,12.61999989,12.22999954,12.18999958,10.73999977,12.16899967,11.46100044
"Unemployment, total (% of total labor force) (modeled ILO estimate)",SL.UEM.TOTL.ZS,Iraq,IRQ,..,8.727000237,7.960000038,9.263999939,10.59000015,10.72500038,10.81999969,13.02000046,12.9659996,12.86299992,14.0880003,14.19200039
"Unemployment, total (% of total labor force) (modeled ILO estimate)",SL.UEM.TOTL.ZS,Ireland,IRL,..,4.320000172,15.44999981,13.72999954,11.85999966,9.909999847,8.369999886,6.710000038,5.739999771,4.949999809,5.619999886,6.632999897
"Unemployment, total (% of total labor force) (modeled ILO estimate)",SL.UEM.TOTL.ZS,Isle of Man,IMN,..,..,..,..,..,..,..,..,..,..,..,..
"Unemployment, total (% of total labor force) (modeled ILO estimate)",SL.UEM.TOTL.ZS,Israel,ISR,..,11.10000038,6.860000134,6.210000038,5.889999866,5.25,4.800000191,4.21999979,4,3.799999952,4.329999924,5.045000076
"Unemployment, total (% of total labor force) (modeled ILO estimate)",SL.UEM.TOTL.ZS,Italy,ITA,..,10.84000015,10.64999962,12.14999962,12.68000031,11.89999962,11.68999958,11.21000004,10.60999966,9.949999809,9.159999847,9.833999634
"Unemployment, total (% of total labor force) (modeled ILO estimate)",SL.UEM.TOTL.ZS,Jamaica,JAM,..,15.53999996,13.93000031,15.25,13.73999977,13.51000023,13.18999958,11.63000011,9.100000381,7.690000057,9.479999542,9.18200016
"Unemployment, total (% of total labor force) (modeled ILO estimate)",SL.UEM.TOTL.ZS,Japan,JPN,..,4.75,4.360000134,4,3.599999905,3.400000095,3.099999905,2.799999952,2.400000095,2.400000095,2.799999952,2.799000025
"Unemployment, total (% of total labor force) (modeled ILO estimate)",SL.UEM.TOTL.ZS,Jordan,JOR,..,13.69999981,12.19999981,12.60000038,11.89999962,13.07999992,15.27999973,18.13999939,18.27000046,16.80999947,19.02599907,19.25200081
"Unemployment, total (% of total labor force) (modeled ILO estimate)",SL.UEM.TOTL.ZS,Kazakhstan,KAZ,..,12.75,5.289999962,5.199999809,5.059999943,4.929999828,4.960000038,4.900000095,4.849999905,4.800000191,4.889999866,4.900000095
"Unemployment, total (% of total labor force) (modeled ILO estimate)",SL.UEM.TOTL.ZS,Kenya,KEN,..,3.020999908,2.83100009,2.808000088,2.795000076,2.77699995,2.75999999,3.513000011,4.249000072,5.010000229,5.729000092,5.742000103
"Unemployment, total (% of total labor force) (modeled ILO estimate)",SL.UEM.TOTL.ZS,Kiribati,KIR,..,..,..,..,..,..,..,..,..,..,..,..
"Unemployment, total (% of total labor force) (modeled ILO estimate)",SL.UEM.TOTL.ZS,"Korea, Dem. People's Rep.",PRK,..,2.933000088,2.805999994,2.803999901,2.743999958,2.743999958,2.755000114,2.697999954,2.625999928,2.59100008,2.921000004,2.592000008
"Unemployment, total (% of total labor force) (modeled ILO estimate)",SL.UEM.TOTL.ZS,"Korea, Rep.",KOR,..,4.059999943,2.809999943,2.75,3.079999924,3.549999952,3.650000095,3.650000095,3.819999933,3.75,3.930000067,3.532000065
"Unemployment, total (% of total labor force) (modeled ILO estimate)",SL.UEM.TOTL.ZS,Kosovo,XKX,..,..,..,..,..,..,..,..,..,..,..,..
"Unemployment, total (% of total labor force) (modeled ILO estimate)",SL.UEM.TOTL.ZS,Kuwait,KWT,..,0.800000012,2.319999933,2.622999907,2.900000095,2.200000048,2.160000086,2.197000027,2.164999962,2.167000055,3.539000034,3.713999987
"Unemployment, total (% of total labor force) (modeled ILO estimate)",SL.UEM.TOTL.ZS,Kyrgyz Republic,KGZ,..,7.539999962,8.430000305,8.329999924,8.050000191,7.559999943,7.210000038,6.889999866,6.886000156,6.918000221,8.706000328,9.104000092
"Unemployment, total (% of total labor force) (modeled ILO estimate)",SL.UEM.TOTL.ZS,Lao PDR,LAO,..,2.062999964,0.736999989,0.745999992,0.763000011,0.777999997,0.791999996,0.805000007,0.827000022,0.851999998,1.034000039,1.258000016
"Unemployment, total (% of total labor force) (modeled ILO estimate)",SL.UEM.TOTL.ZS,Latvia,LVA,..,14.21000004,15.05000019,11.86999989,10.85000038,9.869999886,9.640000343,8.720000267,7.409999847,6.309999943,8.100000381,7.599999905
"Unemployment, total (% of total labor force) (modeled ILO estimate)",SL.UEM.TOTL.ZS,Lebanon,LBN,..,8.31499958,7.84800005,8.31400013,8.809000015,9.317000389,9.782999992,10.27400017,10.79599953,11.35000038,13.29699993,14.48799992
"Unemployment, total (% of total labor force) (modeled ILO estimate)",SL.UEM.TOTL.ZS,Lesotho,LSO,..,35.45700073,25.36899948,24.57999992,24.22100067,23.8409996,23.47500038,23.20000076,22.81299973,22.44000053,24.56299973,24.59799957
"Unemployment, total (% of total labor force) (modeled ILO estimate)",SL.UEM.TOTL.ZS,Liberia,LBR,..,2.079999924,2.170000076,2.118999958,2.079999924,2.079999924,3.079999924,3.049000025,3.029999971,3.015000105,3.980000019,4.09499979
"Unemployment, total (% of total labor force) (modeled ILO estimate)",SL.UEM.TOTL.ZS,Libya,LBY,..,19.67200089,19.03000069,19.45400047,19.46299934,19.53100014,19.52799988,19.37100029,19.45499992,19.65500069,20.06599998,19.58399963
"Unemployment, total (% of total labor force) (modeled ILO estimate)",SL.UEM.TOTL.ZS,Liechtenstein,LIE,..,..,..,..,..,..,..,..,..,..,..,..
"Unemployment, total (% of total labor force) (modeled ILO estimate)",SL.UEM.TOTL.ZS,Lithuania,LTU,..,15.93000031,13.35999966,11.77000046,10.69999981,9.119999886,7.860000134,7.070000172,6.150000095,6.260000229,8.489999771,7.902999878
"Unemployment, total (% of total labor force) (modeled ILO estimate)",SL.UEM.TOTL.ZS,Luxembourg,LUX,..,2.349999905,5.139999866,5.849999905,5.849999905,6.670000076,6.289999962,5.519999981,5.590000153,5.590000153,6.769999981,5.227000237
"Unemployment, total (% of total labor force) (modeled ILO estimate)",SL.UEM.TOTL.ZS,"Macao SAR, China",MAC,..,6.869999886,1.970000029,1.820000052,1.700000048,1.809999943,1.940000057,1.99000001,1.830000043,1.75,2.569999933,3.013999939
"Unemployment, total (% of total labor force) (modeled ILO estimate)",SL.UEM.TOTL.ZS,Madagascar,MDG,..,5.800000191,0.600000024,0.995000005,1.389999986,1.789999962,1.804999948,1.822999954,1.843000054,1.856999993,2.473999977,2.594000101
"Unemployment, total (% of total labor force) (modeled ILO estimate)",SL.UEM.TOTL.ZS,Malawi,MWI,..,5.788000107,5.952000141,5.949999809,5.897999763,5.863999844,5.816999912,5.760000229,5.757999897,5.751999855,6.701000214,7.020999908
"Unemployment, total (% of total labor force) (modeled ILO estimate)",SL.UEM.TOTL.ZS,Malaysia,MYS,..,3,3.099999905,3.160000086,2.880000114,3.099999905,3.440000057,3.410000086,3.299999952,3.25999999,4.504000187,4.609000206
"Unemployment, total (% of total labor force) (modeled ILO estimate)",SL.UEM.TOTL.ZS,Maldives,MDV,..,1.970000029,9.472000122,8.727000237,7.867000103,6.928999901,6.119999886,5.869999886,5.618999958,5.340000153,6.328000069,6.078000069
"Unemployment, total (% of total labor force) (modeled ILO estimate)",SL.UEM.TOTL.ZS,Mali,MLI,..,5.626999855,6.650000095,6.349999905,6.380000114,7.730000019,7.570000172,7.409999847,7.427999973,7.441999912,7.696000099,7.71999979
"Unemployment, total (% of total labor force) (modeled ILO estimate)",SL.UEM.TOTL.ZS,Malta,MLT,..,6.320000172,6.199999809,6.110000134,5.71999979,5.380000114,4.690000057,4,3.660000086,3.619999886,4.260000229,3.499000072
"Unemployment, total (% of total labor force) (modeled ILO estimate)",SL.UEM.TOTL.ZS,Marshall Islands,MHL,..,..,..,..,..,..,..,..,..,..,..,..
"Unemployment, total (% of total labor force) (modeled ILO estimate)",SL.UEM.TOTL.ZS,Mauritania,MRT,..,9.848999977,9.859999657,9.956999779,10.05099964,10.13799953,10.26099968,10.34000015,10.38500023,10.39299965,11.27000046,11.4630003
"Unemployment, total (% of total labor force) (modeled ILO estimate)",SL.UEM.TOTL.ZS,Mauritius,MUS,..,9.177000046,7.46999979,7.320000172,7.46999979,7.409999847,6.809999943,6.75,6.429999828,6.329999924,7.407000065,7.414000034
"Unemployment, total (% of total labor force) (modeled ILO estimate)",SL.UEM.TOTL.ZS,Mexico,MEX,..,2.650000095,4.889999866,4.909999847,4.809999943,4.309999943,3.859999895,3.420000076,3.279999971,3.480000019,4.449999809,4.379000187
"Unemployment, total (% of total labor force) (modeled ILO estimate)",SL.UEM.TOTL.ZS,"Micronesia, Fed. Sts.",FSM,..,..,..,..,..,..,..,..,..,..,..,..
"Unemployment, total (% of total labor force) (modeled ILO estimate)",SL.UEM.TOTL.ZS,Moldova,MDA,..,8.460000038,5.579999924,5.099999905,3.730000019,4.699999809,4.019999981,4.099999905,4.110000134,5.099999905,3.819999933,3.961999893
"Unemployment, total (% of total labor force) (modeled ILO estimate)",SL.UEM.TOTL.ZS,Monaco,MCO,..,..,..,..,..,..,..,..,..,..,..,..
"Unemployment, total (% of total labor force) (modeled ILO estimate)",SL.UEM.TOTL.ZS,Mongolia,MNG,..,6.227000237,3.900000095,4.230000019,4.800000191,4.860000134,7.239999771,6.360000134,5.380000114,5.43900013,7.010000229,7.081999779
"Unemployment, total (% of total labor force) (modeled ILO estimate)",SL.UEM.TOTL.ZS,Montenegro,MNE,..,28.58799934,19.96999931,19.5,18,17.54000092,17.71999931,16.06999969,15.17000008,15.11999989,17.89999962,18.48699951
"Unemployment, total (% of total labor force) (modeled ILO estimate)",SL.UEM.TOTL.ZS,Morocco,MAR,..,13.57999992,8.989999771,9.229999542,9.699999809,9.460000038,9.300000191,9.241999626,9.265000343,9.279999733,11.45400047,11.46700001
"Unemployment, total (% of total labor force) (modeled ILO estimate)",SL.UEM.TOTL.ZS,Mozambique,MOZ,..,2.852999926,3.298000097,3.342000008,3.382999897,3.430000067,3.447000027,3.450999975,3.45600009,3.46600008,3.809999943,3.982000113
"Unemployment, total (% of total labor force) (modeled ILO estimate)",SL.UEM.TOTL.ZS,Myanmar,MMR,..,0.651000023,0.753000021,0.746999979,0.754999995,0.769999981,1.177000046,1.559999943,0.870000005,0.5,1.057999969,2.173000097
"Unemployment, total (% of total labor force) (modeled ILO estimate)",SL.UEM.TOTL.ZS,Namibia,NAM,..,20.29999924,16.77000046,19.03000069,18.52000046,20.9109993,23.35000038,21.63899994,19.87999916,19.98800087,21.44599915,21.6779995
"Unemployment, total (% of total labor force) (modeled ILO estimate)",SL.UEM.TOTL.ZS,Nauru,NRU,..,..,..,..,..,..,..,..,..,..,..,..
"Unemployment, total (% of total labor force) (modeled ILO estimate)",SL.UEM.TOTL.ZS,Nepal,NPL,..,1.855000019,2.329999924,2.551000118,2.944000006,3.099999905,2.868000031,3.318000078,3.193000078,3.096999884,4.723999977,5.052000046
"Unemployment, total (% of total labor force) (modeled ILO estimate)",SL.UEM.TOTL.ZS,Netherlands,NLD,..,2.730000019,5.820000172,7.239999771,7.420000076,6.869999886,6.010000229,4.840000153,3.829999924,3.380000114,3.819999933,4.010000229
"Unemployment, total (% of total labor force) (modeled ILO estimate)",SL.UEM.TOTL.ZS,New Caledonia,NCL,..,17.47800064,14.35499954,14.4659996,14.59000015,14.72900009,14.69499969,14.78499985,14.84700012,14.90999985,16.42900085,16.5720005
"Unemployment, total (% of total labor force) (modeled ILO estimate)",SL.UEM.TOTL.ZS,New Zealand,NZL,..,6.130000114,6.929999828,5.840000153,5.429999828,5.409999847,5.150000095,4.739999771,4.329999924,4.110000134,4.590000153,4.124000072
"Unemployment, total (% of total labor force) (modeled ILO estimate)",SL.UEM.TOTL.ZS,Nicaragua,NIC,..,7.354000092,5.210000038,5.28000021,4.519999981,4.699999809,3.900000095,3.299999952,5.199999809,5.210999966,6.078000069,5.956999779
"Unemployment, total (% of total labor force) (modeled ILO estimate)",SL.UEM.TOTL.ZS,Niger,NER,..,1.49000001,2.180000067,1.368999958,0.519999981,0.529999971,0.533999979,0.541999996,0.545000017,0.55400002,0.624000013,0.750999987
"Unemployment, total (% of total labor force) (modeled ILO estimate)",SL.UEM.TOTL.ZS,Nigeria,NGA,..,3.953999996,3.742000103,3.700000048,4.559999943,4.309999943,7.059999943,8.390000343,8.456000328,8.529999733,9.713999748,9.788000107
"Unemployment, total (% of total labor force) (modeled ILO estimate)",SL.UEM.TOTL.ZS,North Macedonia,MKD,..,32.20000076,31.02000046,29,28.03000069,26.06999969,23.71999931,22.37999916,20.73999977,17.26000023,17.20000076,16.20299911
"Unemployment, total (% of total labor force) (modeled ILO estimate)",SL.UEM.TOTL.ZS,Northern Mariana Islands,MNP,..,..,..,..,..,..,..,..,..,..,..,..
"Unemployment, total (% of total labor force) (modeled ILO estimate)",SL.UEM.TOTL.ZS,Norway,NOR,..,3.460000038,3.119999886,3.420000076,3.480000019,4.300000191,4.679999828,4.159999847,3.799999952,3.690000057,4.420000076,4.985000134
"Unemployment, total (% of total labor force) (modeled ILO estimate)",SL.UEM.TOTL.ZS,Oman,OMN,..,4.093999863,3.678999901,3.61500001,3.542999983,3.39199996,3.269999981,2.565000057,1.799999952,1.84800005,2.940000057,3.121999979
"Unemployment, total (% of total labor force) (modeled ILO estimate)",SL.UEM.TOTL.ZS,Pakistan,PAK,..,0.578999996,1.847000003,2.950000048,1.830000043,3.569999933,3.779000044,3.915999889,4.079999924,3.542000055,4.302999973,4.352000237
"Unemployment, total (% of total labor force) (modeled ILO estimate)",SL.UEM.TOTL.ZS,Palau,PLW,..,..,..,..,..,..,..,..,..,..,..,..
"Unemployment, total (% of total labor force) (modeled ILO estimate)",SL.UEM.TOTL.ZS,Panama,PAN,..,3.813999891,2.388999939,2.285000086,2.707000017,2.976999998,3.263000011,3.858999968,3.832999945,4.725999832,12.85400009,12.0880003
"Unemployment, total (% of total labor force) (modeled ILO estimate)",SL.UEM.TOTL.ZS,Papua New Guinea,PNG,..,2.920000076,2.54399991,2.546000004,2.375,2.476000071,2.483999968,2.506999969,2.563999891,2.448999882,2.595000029,2.752000093
"Unemployment, total (% of total labor force) (modeled ILO estimate)",SL.UEM.TOTL.ZS,Paraguay,PRY,..,7.610000134,4.090000153,4.380000114,5.03000021,4.559999943,5.25,4.610000134,6.21999979,6.590000153,7.550000191,7.205999851
"Unemployment, total (% of total labor force) (modeled ILO estimate)",SL.UEM.TOTL.ZS,Peru,PER,..,4.883999825,3.24000001,3.569999933,3.210000038,3.269999981,3.74000001,3.690000057,3.49000001,3.380000114,7.179999828,4.833000183
"Unemployment, total (% of total labor force) (modeled ILO estimate)",SL.UEM.TOTL.ZS,Philippines,PHL,..,3.653000116,3.5,3.5,3.599999905,3.069999933,2.700000048,2.549999952,2.339999914,2.24000001,2.519999981,2.405999899
"Unemployment, total (% of total labor force) (modeled ILO estimate)",SL.UEM.TOTL.ZS,Poland,POL,..,16.30999947,10.09000015,10.32999992,8.989999771,7.5,6.159999847,4.889999866,3.849999905,3.279999971,3.160000086,3.368000031
"Unemployment, total (% of total labor force) (modeled ILO estimate)",SL.UEM.TOTL.ZS,Portugal,PRT,..,3.809999943,15.52999973,16.18000031,13.89000034,12.43999958,11.06999969,8.869999886,6.989999771,6.460000038,6.789999962,6.646999836
"Unemployment, total (% of total labor force) (modeled ILO estimate)",SL.UEM.TOTL.ZS,Puerto Rico,PRI,..,10.07999992,14.5,14.30000019,13.89999962,12,11.80000019,10.80000019,9.199999809,8.300000191,8.890000343,8.270999908
"Unemployment, total (% of total labor force) (modeled ILO estimate)",SL.UEM.TOTL.ZS,Qatar,QAT,..,0.842000008,0.479999989,0.280000001,0.200000003,0.170000002,0.150000006,0.140000001,0.109999999,0.100000001,0.214000002,0.257999986
"Unemployment, total (% of total labor force) (modeled ILO estimate)",SL.UEM.TOTL.ZS,Romania,ROU,..,6.96999979,6.789999962,7.099999905,6.800000191,6.809999943,5.900000095,4.929999828,4.190000057,3.910000086,5.03000021,5.169000149
"Unemployment, total (% of total labor force) (modeled ILO estimate)",SL.UEM.TOTL.ZS,Russian Federation,RUS,..,10.57999992,5.440000057,5.460000038,5.159999847,5.570000172,5.559999943,5.210000038,4.849999905,4.5,5.590000153,5.010000229
"Unemployment, total (% of total labor force) (modeled ILO estimate)",SL.UEM.TOTL.ZS,Rwanda,RWA,..,0.787,1.118000031,1.15199995,1.169999957,1.148000002,1.144000053,1.136999965,1.110999942,1.09800005,1.485000014,1.606999993
"Unemployment, total (% of total labor force) (modeled ILO estimate)",SL.UEM.TOTL.ZS,Samoa,WSM,..,4.664000034,8.75,8.666999817,8.720000267,8.501000404,8.30700016,8.578000069,8.68599987,8.406000137,9.149000168,9.836999893
"Unemployment, total (% of total labor force) (modeled ILO estimate)",SL.UEM.TOTL.ZS,San Marino,SMR,..,..,..,..,..,..,..,..,..,..,..,..
"Unemployment, total (% of total labor force) (modeled ILO estimate)",SL.UEM.TOTL.ZS,Sao Tome and Principe,STP,..,14.39999962,13.59000015,13.64900017,13.70499992,13.8210001,13.89400005,13.97399998,14.06099987,14.14400005,15.74600029,15.9090004
"Unemployment, total (% of total labor force) (modeled ILO estimate)",SL.UEM.TOTL.ZS,Saudi Arabia,SAU,..,4.570000172,5.519999981,5.570000172,5.71999979,5.590000153,5.650000095,5.889999866,6.039999962,5.672999859,7.449999809,7.357999802
"Unemployment, total (% of total labor force) (modeled ILO estimate)",SL.UEM.TOTL.ZS,Senegal,SEN,..,5.605999947,9.437999725,8.578000069,7.645999908,6.760000229,4.460000038,3.690000057,3.275000095,2.859999895,3.622999907,3.72300005
"Unemployment, total (% of total labor force) (modeled ILO estimate)",SL.UEM.TOTL.ZS,Serbia,SRB,..,12.60000038,24,22.14999962,19.21999931,17.65999985,15.26000023,13.47999954,12.72999954,10.39000034,9.010000229,11.80700016
"Unemployment, total (% of total labor force) (modeled ILO estimate)",SL.UEM.TOTL.ZS,Seychelles,SYC,..,..,..,..,..,..,..,..,..,..,..,..
"Unemployment, total (% of total labor force) (modeled ILO estimate)",SL.UEM.TOTL.ZS,Sierra Leone,SLE,..,3.434000015,4.397999763,4.510000229,4.679999828,4.742000103,4.663000107,4.663000107,4.659999847,4.649000168,5.195000172,5.333000183
"Unemployment, total (% of total labor force) (modeled ILO estimate)",SL.UEM.TOTL.ZS,Singapore,SGP,..,3.700000048,3.720000029,3.859999895,3.74000001,3.789999962,4.079999924,4.199999809,3.642999887,3.099999905,4.099999905,3.624000072
"Unemployment, total (% of total labor force) (modeled ILO estimate)",SL.UEM.TOTL.ZS,Sint Maarten (Dutch part),SXM,..,..,..,..,..,..,..,..,..,..,..,..
"Unemployment, total (% of total labor force) (modeled ILO estimate)",SL.UEM.TOTL.ZS,Slovak Republic,SVK,..,19.05999947,13.96000004,14.22000027,13.18000031,11.47999954,9.670000076,8.130000114,6.539999962,5.75,6.690000057,6.739999771
"Unemployment, total (% of total labor force) (modeled ILO estimate)",SL.UEM.TOTL.ZS,Slovenia,SVN,..,6.920000076,8.840000153,10.10000038,9.670000076,8.960000038,8,6.559999943,5.110000134,4.449999809,4.96999979,4.422999859
"Unemployment, total (% of total labor force) (modeled ILO estimate)",SL.UEM.TOTL.ZS,Solomon Islands,SLB,..,2.026000023,1.054999948,0.689999998,0.73299998,0.734000027,0.698000014,0.707000017,0.723999977,0.754999995,0.916000009,1.029000044
"Unemployment, total (% of total labor force) (modeled ILO estimate)",SL.UEM.TOTL.ZS,Somalia,SOM,..,19.05200005,18.97400093,18.95199966,18.93000031,18.90299988,18.88899994,18.88199997,18.85000038,18.82799911,19.72299957,19.86499977
"Unemployment, total (% of total labor force) (modeled ILO estimate)",SL.UEM.TOTL.ZS,South Africa,ZAF,..,29.87999916,24.72999954,24.55999947,24.88999939,25.14999962,26.54000092,27.04000092,26.90999985,28.46999931,29.21999931,33.55899811
"Unemployment, total (% of total labor force) (modeled ILO estimate)",SL.UEM.TOTL.ZS,South Sudan,SSD,..,12.05700016,12.19799995,12.12800026,12.18799973,12.27499962,12.29500008,12.25399971,12.23700047,12.22599983,14.02999973,13.91499996
"Unemployment, total (% of total labor force) (modeled ILO estimate)",SL.UEM.TOTL.ZS,Spain,ESP,..,13.78999996,24.79000092,26.09000015,24.44000053,22.05999947,19.62999916,17.21999931,15.25,14.10000038,15.52999973,14.7329998
"Unemployment, total (% of total labor force) (modeled ILO estimate)",SL.UEM.TOTL.ZS,Sri Lanka,LKA,..,7.739999771,3.880000114,4.239999771,4.190000057,4.519999981,4.239999771,4.050000191,4.320000172,4.349999905,5.877999783,5.394999981
"Unemployment, total (% of total labor force) (modeled ILO estimate)",SL.UEM.TOTL.ZS,St. Kitts and Nevis,KNA,..,..,..,..,..,..,..,..,..,..,..,..
"Unemployment, total (% of total labor force) (modeled ILO estimate)",SL.UEM.TOTL.ZS,St. Lucia,LCA,..,16.48999977,19.05999947,22.20999908,21.29599953,20.56200027,19.64900017,18.86000061,19.07999992,15.31999969,16.8920002,16.90500069
"Unemployment, total (% of total labor force) (modeled ILO estimate)",SL.UEM.TOTL.ZS,St. Martin (French part),MAF,..,..,..,..,..,..,..,..,..,..,..,..
"Unemployment, total (% of total labor force) (modeled ILO estimate)",SL.UEM.TOTL.ZS,St. Vincent and the Grenadines,VCT,..,20.95499992,18.96500015,18.98999977,19.0529995,19.09000015,19.11000061,19.18199921,19.18000031,19.28000069,21.00200081,21.61800003
"Unemployment, total (% of total labor force) (modeled ILO estimate)",SL.UEM.TOTL.ZS,Sudan,SDN,..,15.22999954,17.45499992,17.40999985,17.43099976,17.48999977,17.52000046,17.53300095,17.57999992,17.65399933,19.64900017,19.80500031
"Unemployment, total (% of total labor force) (modeled ILO estimate)",SL.UEM.TOTL.ZS,Suriname,SUR,..,12.73799992,8.100000381,6.599999905,6.940000057,7.21999979,7.920000076,7.903999805,7.926000118,8.039999962,9.777999878,10.06499958
"Unemployment, total (% of total labor force) (modeled ILO estimate)",SL.UEM.TOTL.ZS,Sweden,SWE,..,5.46999979,7.980000019,8.050000191,7.949999809,7.429999828,6.989999771,6.71999979,6.360000134,6.829999924,8.289999962,8.661000252
"Unemployment, total (% of total labor force) (modeled ILO estimate)",SL.UEM.TOTL.ZS,Switzerland,CHE,..,2.670000076,4.480000019,4.75,4.829999924,4.800000191,4.920000076,4.800000191,4.710000038,4.389999866,4.820000172,5.321000099
"Unemployment, total (% of total labor force) (modeled ILO estimate)",SL.UEM.TOTL.ZS,Syrian Arab Republic,SYR,..,9.604000092,8.807999611,8.826000214,8.720999718,8.711999893,8.725000381,8.751999855,8.755000114,8.772999763,10.25699997,10.57299995
"Unemployment, total (% of total labor force) (modeled ILO estimate)",SL.UEM.TOTL.ZS,Tajikistan,TJK,..,15.13099957,9.576000214,8.907999992,8.229999542,7.553999901,6.900000095,6.953999996,7.012000084,7.06099987,7.583000183,7.754000187
"Unemployment, total (% of total labor force) (modeled ILO estimate)",SL.UEM.TOTL.ZS,Tanzania,TZA,..,3.062999964,3.227999926,2.930000067,2.119999886,2.142999887,2.157999992,2.177000046,2.20600009,2.221999884,2.528000116,2.648999929
"Unemployment, total (% of total labor force) (modeled ILO estimate)",SL.UEM.TOTL.ZS,Thailand,THA,..,2.390000105,0.579999983,0.25,0.579999983,0.600000024,0.689999998,0.829999983,0.769999981,0.720000029,1.100000024,1.417999983
"Unemployment, total (% of total labor force) (modeled ILO estimate)",SL.UEM.TOTL.ZS,Timor-Leste,TLS,..,3.413000107,3.75999999,4.017000198,4.210000038,4.446000099,4.659999847,4.760000229,4.730999947,4.505000114,4.90500021,5.073999882
"Unemployment, total (% of total labor force) (modeled ILO estimate)",SL.UEM.TOTL.ZS,Togo,TGO,..,3.984999895,2.03399992,2.088999987,2.144999981,2.200000048,2.96600008,3.74000001,3.729000092,3.719000101,3.944999933,4.004000187
"Unemployment, total (% of total labor force) (modeled ILO estimate)",SL.UEM.TOTL.ZS,Tonga,TON,..,4.079999924,2.065999985,2.242000103,2.36500001,2.549999952,2.569000006,2.815000057,3.069999933,3.062000036,3.628000021,3.967999935
"Unemployment, total (% of total labor force) (modeled ILO estimate)",SL.UEM.TOTL.ZS,Trinidad and Tobago,TTO,..,12.10000038,3.720000029,2.680000067,2.480000019,2.430000067,3.210000038,3.275000095,3.336999893,3.421999931,4.56799984,4.804999828
"Unemployment, total (% of total labor force) (modeled ILO estimate)",SL.UEM.TOTL.ZS,Tunisia,TUN,..,14.93999958,17.62999916,15.93000031,15.05700016,15.15999985,15.56000042,15.32999992,15.46000004,15.13000011,16.59199905,16.8239994
"Unemployment, total (% of total labor force) (modeled ILO estimate)",SL.UEM.TOTL.ZS,Turkiye,TUR,..,6.5,8.149999619,8.729999542,9.880000114,10.23999977,10.84000015,10.81999969,10.89000034,13.67000008,13.10999966,13.38599968
"Unemployment, total (% of total labor force) (modeled ILO estimate)",SL.UEM.TOTL.ZS,Turkmenistan,TKM,..,11.53600025,4.085999966,4.110000134,4.144999981,4.138999939,4.169000149,4.203999996,4.234000206,4.268000126,4.951000214,5.080999851
"Unemployment, total (% of total labor force) (modeled ILO estimate)",SL.UEM.TOTL.ZS,Turks and Caicos Islands,TCA,..,..,..,..,..,..,..,..,..,..,..,..
"Unemployment, total (% of total labor force) (modeled ILO estimate)",SL.UEM.TOTL.ZS,Tuvalu,TUV,..,..,..,..,..,..,..,..,..,..,..,..
"Unemployment, total (% of total labor force) (modeled ILO estimate)",SL.UEM.TOTL.ZS,Uganda,UGA,..,3.026000023,3.549999952,1.909999967,1.906000018,1.911000013,1.919999957,1.932000041,1.922999978,1.924999952,2.767999887,2.936000109
"Unemployment, total (% of total labor force) (modeled ILO estimate)",SL.UEM.TOTL.ZS,Ukraine,UKR,..,11.71000004,7.53000021,7.170000076,9.270000458,9.140000343,9.350000381,9.5,8.800000191,8.18999958,9.131999969,8.87899971
"Unemployment, total (% of total labor force) (modeled ILO estimate)",SL.UEM.TOTL.ZS,United Arab Emirates,ARE,..,2.25,2.184999943,2.04399991,1.911000013,1.768000007,1.639999986,2.460000038,2.351999998,2.230000019,3.187999964,3.35800004
"Unemployment, total (% of total labor force) (modeled ILO estimate)",SL.UEM.TOTL.ZS,United Kingdom,GBR,..,5.559999943,7.880000114,7.519999981,6.110000134,5.300000191,4.809999943,4.329999924,4,3.74000001,4.472000122,4.526000023
"Unemployment, total (% of total labor force) (modeled ILO estimate)",SL.UEM.TOTL.ZS,United States,USA,..,3.99000001,8.069999695,7.369999886,6.170000076,5.28000021,4.869999886,4.360000134,3.900000095,3.670000076,8.050000191,5.464000225
"Unemployment, total (% of total labor force) (modeled ILO estimate)",SL.UEM.TOTL.ZS,Uruguay,URY,..,12.63000011,6.449999809,6.440000057,6.550000191,7.489999771,7.840000153,7.889999866,8.340000153,8.880000114,10.35000038,10.44699955
"Unemployment, total (% of total labor force) (modeled ILO estimate)",SL.UEM.TOTL.ZS,Uzbekistan,UZB,..,12.22700024,4.900000095,4.900000095,5.099999905,5.199999809,5.199999809,5.800000191,5.835000038,5.849999905,7.040999889,7.160999775
"Unemployment, total (% of total labor force) (modeled ILO estimate)",SL.UEM.TOTL.ZS,Vanuatu,VUT,..,1.687000036,1.851999998,1.861999989,1.807999969,1.861999989,1.776000023,1.745000005,1.809000015,1.800999999,2.118999958,2.180000067
"Unemployment, total (% of total labor force) (modeled ILO estimate)",SL.UEM.TOTL.ZS,"Venezuela, RB",VEN,..,13.98999977,6.599999905,7.539999962,6.863999844,6.079999924,5.320000172,5.050000191,5.021999836,5.096000195,6.626999855,6.413000107
"Unemployment, total (% of total labor force) (modeled ILO estimate)",SL.UEM.TOTL.ZS,Vietnam,VNM,..,2.25999999,1.029999971,1.320000052,1.25999999,1.850000024,1.850000024,1.870000005,1.159999967,2.039999962,2.390000105,2.165999889
"Unemployment, total (% of total labor force) (modeled ILO estimate)",SL.UEM.TOTL.ZS,Virgin Islands (U.S.),VIR,..,11.10900021,12.23099995,12.75500011,12.79100037,12.61699963,12.67700005,12.32499981,12.42599964,12.46800041,13.54500008,13.26500034
"Unemployment, total (% of total labor force) (modeled ILO estimate)",SL.UEM.TOTL.ZS,West Bank and Gaza,PSE,..,10.63000011,19.20000076,19.88999939,20.53000069,23,23.94000053,25.68000031,26.26000023,25.34000015,25.88999939,24.90299988
"Unemployment, total (% of total labor force) (modeled ILO estimate)",SL.UEM.TOTL.ZS,"Yemen, Rep.",YEM,..,11.55799961,13.16699982,13.26799965,13.47000027,13.77000046,13.43299961,13.29699993,13.14500046,13.05599976,13.39099979,13.57400036
"Unemployment, total (% of total labor force) (modeled ILO estimate)",SL.UEM.TOTL.ZS,Zambia,ZMB,..,12.93000031,7.849999905,8.611000061,9.362000465,10.125,10.87199974,11.63000011,12.01000023,12.52000046,12.84799957,13.02600002
"Unemployment, total (% of total labor force) (modeled ILO estimate)",SL.UEM.TOTL.ZS,Zimbabwe,ZWE,..,5.688000202,5.152999878,4.981999874,4.769999981,4.777999878,4.788000107,4.784999847,4.796000004,4.833000183,5.350999832,5.173999786
"Unemployment, total (% of total labor force) (modeled ILO estimate)",SL.UEM.TOTL.ZS,Africa Eastern and Southern,AFE,..,7.722410216,6.564948084,6.447229947,6.406938343,6.505244649,6.613772103,6.687951604,6.695958464,6.873493294,7.517252965,8.052103053
"Unemployment, total (% of total labor force) (modeled ILO estimate)",SL.UEM.TOTL.ZS,Africa Western and Central,AFW,..,4.915014438,4.647270679,4.420557741,4.69796084,4.639028669,5.57622119,6.025603932,6.047231535,6.069210454,6.780010667,6.843381148
"Unemployment, total (% of total labor force) (modeled ILO estimate)",SL.UEM.TOTL.ZS,Arab World,ARB,..,12.4506152,10.66803683,10.75489444,10.90784255,11.00665343,10.79884996,10.93431718,10.52250656,10.01031527,11.52023502,11.69074485
"Unemployment, total (% of total labor force) (modeled ILO estimate)",SL.UEM.TOTL.ZS,Caribbean small states,CSS,..,13.3154772,10.9938038,11.50731255,10.69672131,10.40139521,10.47049522,9.628427105,8.595656267,7.927677533,9.726657266,9.668617413
"Unemployment, total (% of total labor force) (modeled ILO estimate)",SL.UEM.TOTL.ZS,Central Europe and the Baltics,CEB,..,12.43917684,9.978621037,10.0484996,8.952599585,7.818449895,6.490165995,5.298632192,4.318079478,3.782559303,4.374939104,4.506733597
"Unemployment, total (% of total labor force) (modeled ILO estimate)",SL.UEM.TOTL.ZS,Early-demographic dividend,EAR,..,6.233990903,5.568080512,5.646848409,5.596151102,5.750192762,5.768575278,5.663513856,5.651180774,5.541092017,7.135973631,6.494794055
"Unemployment, total (% of total labor force) (modeled ILO estimate)",SL.UEM.TOTL.ZS,East Asia & Pacific,EAS,..,3.539000591,4.041696761,4.025335741,4.002411423,4.067184859,3.97480409,3.858532019,3.728310093,3.814999196,4.31016934,4.196952863
"Unemployment, total (% of total labor force) (modeled ILO estimate)",SL.UEM.TOTL.ZS,East Asia & Pacific (excluding high income),EAP,..,3.409585696,4.032142101,4.034217827,4.024175915,4.098252182,4.012116006,3.904339304,3.786782419,3.889132807,4.382517436,4.2878917
"Unemployment, total (% of total labor force) (modeled ILO estimate)",SL.UEM.TOTL.ZS,East Asia & Pacific (IDA & IBRD countries),TEA,..,3.416552681,4.050327626,4.052552316,4.043287476,4.11853086,4.030996672,3.922574258,3.804380445,3.908845994,4.404802138,4.313685786
"Unemployment, total (% of total labor force) (modeled ILO estimate)",SL.UEM.TOTL.ZS,Euro area,EMU,..,9.429713428,11.28661178,11.92093868,11.59554588,10.8355667,10.00336889,9.041358921,8.165679275,7.530865977,7.822082348,7.763180091
"Unemployment, total (% of total labor force) (modeled ILO estimate)",SL.UEM.TOTL.ZS,Europe & Central Asia,ECS,..,9.82624248,8.967982651,9.199840279,8.96136682,8.562977394,8.090119967,7.481244264,6.900250086,6.67135675,7.180061748,7.112024289
"Unemployment, total (% of total labor force) (modeled ILO estimate)",SL.UEM.TOTL.ZS,Europe & Central Asia (excluding high income),ECA,..,10.98067591,7.232954546,7.248298614,7.488278509,7.614024622,7.621604827,7.397316704,7.088741925,7.264856703,7.933440208,7.739927158
"Unemployment, total (% of total labor force) (modeled ILO estimate)",SL.UEM.TOTL.ZS,Europe & Central Asia (IDA & IBRD countries),TEC,..,11.2630652,7.54125806,7.598743776,7.677310251,7.646615787,7.47102526,7.109966725,6.701349439,6.778475207,7.392505435,7.261160932
"Unemployment, total (% of total labor force) (modeled ILO estimate)",SL.UEM.TOTL.ZS,European Union,EUU,..,9.831357347,10.80843631,11.3274445,10.84702441,10.02838865,9.11391619,8.133183614,7.264964693,6.69069848,7.04557665,7.04660756
"Unemployment, total (% of total labor force) (modeled ILO estimate)",SL.UEM.TOTL.ZS,Fragile and conflict affected situations,FCS,..,6.110677642,5.471742387,5.496406246,5.785232043,5.757083994,6.270655488,6.607435684,6.527846672,6.50262192,7.382839128,7.623242665
"Unemployment, total (% of total labor force) (modeled ILO estimate)",SL.UEM.TOTL.ZS,Heavily indebted poor countries (HIPC),HPC,..,5.149005402,4.897276871,4.733649232,4.668090016,4.744103956,4.682995848,4.638793073,4.668123339,4.689531425,5.415456468,5.640738699
"Unemployment, total (% of total labor force) (modeled ILO estimate)",SL.UEM.TOTL.ZS,High income,HIC,..,6.528351422,7.901882046,7.811518555,7.214496894,6.629503225,6.147720386,5.588027595,5.073759779,4.776213746,6.489478517,5.672045634
"Unemployment, total (% of total labor force) (modeled ILO estimate)",SL.UEM.TOTL.ZS,IBRD only,IBD,..,6.022057235,5.59671433,5.595149387,5.589854574,5.724014801,5.832350186,5.774586564,5.63659871,5.669504576,6.88736924,6.439559987
"Unemployment, total (% of total labor force) (modeled ILO estimate)",SL.UEM.TOTL.ZS,IDA & IBRD total,IBT,..,5.712718159,5.311966381,5.324489067,5.30331864,5.447325946,5.586281058,5.57653754,5.475454286,5.493976017,6.613108438,6.306089457
"Unemployment, total (% of total labor force) (modeled ILO estimate)",SL.UEM.TOTL.ZS,IDA blend,IDB,..,3.793208347,3.272955758,3.652864368,3.503445836,4.077399666,5.023180616,5.634306703,5.812987873,5.733819674,6.614680193,6.673434388
"Unemployment, total (% of total labor force) (modeled ILO estimate)",SL.UEM.TOTL.ZS,IDA only,IDX,..,4.548094682,4.645266425,4.582648048,4.550884121,4.582683889,4.545150598,4.537803971,4.521319955,4.524920309,5.299399157,5.516036373
"Unemployment, total (% of total labor force) (modeled ILO estimate)",SL.UEM.TOTL.ZS,IDA total,IDA,..,4.313873263,4.216789508,4.294682922,4.227356359,4.426150124,4.692577852,4.873130193,4.914288493,4.892071908,5.699859165,5.867865372
"Unemployment, total (% of total labor force) (modeled ILO estimate)",SL.UEM.TOTL.ZS,Late-demographic dividend,LTE,..,5.173877056,5.012648249,4.991591351,4.921229538,5.080965758,5.244881311,5.231984866,5.008687923,5.146761889,5.888302671,5.790463019
"Unemployment, total (% of total labor force) (modeled ILO estimate)",SL.UEM.TOTL.ZS,Latin America & Caribbean,LCN,..,9.015334246,6.41457981,6.362074595,6.155291411,6.633997053,7.726891778,8.000244303,7.887537881,7.948541549,10.08747199,9.996833694
"Unemployment, total (% of total labor force) (modeled ILO estimate)",SL.UEM.TOTL.ZS,Latin America & Caribbean (excluding high income),LAC,..,8.699815963,6.381387088,6.291229058,6.085424711,6.666015763,7.900210615,8.20412791,8.066365179,8.106406403,10.18296614,10.15642021
"Unemployment, total (% of total labor force) (modeled ILO estimate)",SL.UEM.TOTL.ZS,Latin America & the Caribbean (IDA & IBRD countries),TLA,..,9.086240946,6.425712714,6.374654638,6.17754221,6.684232678,7.811487947,8.102094487,7.991915363,8.05558142,10.22512204,10.12668647
"Unemployment, total (% of total labor force) (modeled ILO estimate)",SL.UEM.TOTL.ZS,Least developed countries: UN classification,LDC,..,4.135884693,4.496935648,4.476909089,4.451587325,4.510460586,4.533401215,4.574159106,4.539532624,4.539709737,5.312541561,5.538903091
"Unemployment, total (% of total labor force) (modeled ILO estimate)",SL.UEM.TOTL.ZS,Low & middle income,LMY,..,5.538460071,5.242880359,5.249258831,5.238846364,5.400567957,5.558080082,5.561213269,5.468702645,5.491166647,6.597964117,6.290953167
"Unemployment, total (% of total labor force) (modeled ILO estimate)",SL.UEM.TOTL.ZS,Low income,LIC,..,5.124101542,5.005251227,4.904090894,4.915875088,5.015018255,5.044984833,5.060928756,5.068074564,5.091530325,5.819788812,6.045352726
"Unemployment, total (% of total labor force) (modeled ILO estimate)",SL.UEM.TOTL.ZS,Lower middle income,LMC,..,5.616598862,5.031333542,5.051469583,5.029066883,5.182530404,5.281851109,5.268142753,5.227327659,5.045366071,6.597430826,5.86590617
"Unemployment, total (% of total labor force) (modeled ILO estimate)",SL.UEM.TOTL.ZS,Middle East & North Africa,MEA,..,11.93409579,10.21413136,9.975385675,10.10357229,10.24972169,10.31195162,10.33254517,9.934686707,9.180931051,10.60105139,10.6110397
"Unemployment, total (% of total labor force) (modeled ILO estimate)",SL.UEM.TOTL.ZS,Middle East & North Africa (excluding high income),MNA,..,13.11404041,11.73200241,11.47767317,11.67539868,11.94609716,12.07176847,12.08809648,11.6132287,10.73413955,12.19460817,12.1415605
"Unemployment, total (% of total labor force) (modeled ILO estimate)",SL.UEM.TOTL.ZS,Middle East & North Africa (IDA & IBRD countries),TMN,..,13.13283064,11.66405706,11.40019151,11.59156435,11.83573267,11.9531435,11.94951537,11.46300446,10.57874758,12.05311298,12.00637727
"Unemployment, total (% of total labor force) (modeled ILO estimate)",SL.UEM.TOTL.ZS,Middle income,MIC,..,5.569554848,5.26426404,5.280842138,5.268842214,5.436970471,5.607496843,5.610409323,5.508957077,5.532126727,6.680013701,6.317300018
"Unemployment, total (% of total labor force) (modeled ILO estimate)",SL.UEM.TOTL.ZS,North America,NAC,..,4.274428372,7.985123852,7.337084767,6.2512078,5.458844413,5.103386933,4.577792336,4.112733312,3.891221202,8.206191888,5.695421975
"Unemployment, total (% of total labor force) (modeled ILO estimate)",SL.UEM.TOTL.ZS,Not classified,INX,..,..,..,..,..,..,..,..,..,..,..,..
"Unemployment, total (% of total labor force) (modeled ILO estimate)",SL.UEM.TOTL.ZS,OECD members,OED,..,6.773489725,8.015311962,7.922857816,7.407713321,6.852769275,6.436273831,5.907896132,5.468525607,5.401564257,7.103816629,6.339283101
"Unemployment, total (% of total labor force) (modeled ILO estimate)",SL.UEM.TOTL.ZS,Other small states,OSS,..,13.51116073,11.04345438,11.19401683,10.93591012,10.80449827,10.7583015,10.42125369,10.09758008,10.00913091,11.35253148,11.41651951
"Unemployment, total (% of total labor force) (modeled ILO estimate)",SL.UEM.TOTL.ZS,Pacific island small states,PSS,..,3.188339227,3.16154861,2.972404527,2.940738148,2.917698807,2.865755715,2.85288561,2.886275066,2.905434641,3.161920714,3.450657378
"Unemployment, total (% of total labor force) (modeled ILO estimate)",SL.UEM.TOTL.ZS,Post-demographic dividend,PST,..,6.534907074,8.055317778,7.959190337,7.442221092,6.870707846,6.402264636,5.835772096,5.284912691,4.954606005,6.69689285,5.805376518
"Unemployment, total (% of total labor force) (modeled ILO estimate)",SL.UEM.TOTL.ZS,Pre-demographic dividend,PRE,..,4.995732089,5.17690552,5.042691037,5.172425874,5.178352085,5.674782345,6.053979768,6.115329761,6.184825067,6.925232867,7.064119813
"Unemployment, total (% of total labor force) (modeled ILO estimate)",SL.UEM.TOTL.ZS,Small states,SST,..,12.84525124,10.5910084,10.80532472,10.46002835,10.31107656,10.29392137,9.881929587,9.446404302,9.257324009,10.62948768,10.67726282
"Unemployment, total (% of total labor force) (modeled ILO estimate)",SL.UEM.TOTL.ZS,South Asia,SAS,..,4.901079464,4.899151178,5.057264775,4.955236051,5.138715417,5.141751738,5.116022793,5.117819154,5.019808285,7.245831717,5.788191097
"Unemployment, total (% of total labor force) (modeled ILO estimate)",SL.UEM.TOTL.ZS,South Asia (IDA & IBRD),TSA,..,4.901079464,4.899151178,5.057264775,4.955236051,5.138715417,5.141751738,5.116022793,5.117819154,5.019808285,7.245831717,5.788191097
"Unemployment, total (% of total labor force) (modeled ILO estimate)",SL.UEM.TOTL.ZS,Sub-Saharan Africa,SSF,..,6.656882287,5.856906084,5.711333897,5.788868238,5.832952653,6.24075335,6.450222333,6.463282838,6.585331848,7.251849403,7.618562423
"Unemployment, total (% of total labor force) (modeled ILO estimate)",SL.UEM.TOTL.ZS,Sub-Saharan Africa (excluding high income),SSA,..,6.656882287,5.856906084,5.711333897,5.788868238,5.832952653,6.24075335,6.450222333,6.463282838,6.585331848,7.251849403,7.618562423
"Unemployment, total (% of total labor force) (modeled ILO estimate)",SL.UEM.TOTL.ZS,Sub-Saharan Africa (IDA & IBRD countries),TSS,..,6.656882287,5.856906084,5.711333897,5.788868238,5.832952653,6.24075335,6.450222333,6.463282838,6.585331848,7.251849403,7.618562423
"Unemployment, total (% of total labor force) (modeled ILO estimate)",SL.UEM.TOTL.ZS,Upper middle income,UMC,..,5.530150478,5.479936403,5.494460872,5.493340729,5.676525053,5.916116267,5.937655429,5.780513997,6.007664364,6.760419746,6.761937979
"Unemployment, total (% of total labor force) (modeled ILO estimate)",SL.UEM.TOTL.ZS,World,WLD,..,5.763250545,5.738823055,5.729758546,5.60742512,5.627349821,5.664531894,5.564120163,5.395371174,5.360367597,6.578184432,6.179611486
,,,,,,,,,,,,,,,
,,,,,,,,,,,,,,,
,,,,,,,,,,,,,,,
Data from database: World Development Indicators,,,,,,,,,,,,,,,
Last Updated: 12/22/2022,,,,,,,,,,,,,,,